0,0,0,0
7.4779,13.206,13.705,0.15318
0,0,0,0.15984
-23.089,-40.777,-102.75,0.16375
0,0,0,0.16773
0,0,0,0.17452
0,0,0,0.17623
0,0,0,0.17787
0,0,0,0.17953
0,0,0,0.18115
-123.68,-218.43,-57.906,0.18277
0,0,0,0.18441
0,0,0,0.18597
0,0,0,0.18758
0,0,0,0.1892
0,0,0,0.19087
0,0,0,0.19247
0,0,0,0.19409
0,0,0,0.19572
0,0,0,0.19733
0,0,0,0.19895
0,0,0,0.20071
0,0,0,0.20247
0,0,0,0.20426
0,0,0,0.20591
0,0,0,0.20759
0,0,0,0.20915
120.07,212.04,56.212,0.21082
0,0,0,0.21247
0,0,0,0.21409
0,0,0,0.21571
0,0,0,0.21733
0,0,0,0.21899
0,0,0,0.22063
0,0,0,0.22226
0,0,0,0.22389
0,0,0,0.22553
0,0,0,0.22715
0,0,0,0.22869
0,0,0,0.23034
0,0,0,0.23195
0,0,0,0.23357
0,0,0,0.23522
0,0,0,0.23683
0,0,0,0.23844
0,0,0,0.24007
0,0,0,0.24167
0,0,0,0.24326
0,0,0,0.24484
0,0,0,0.24637
0,0,0,0.24797
0,0,0,0.24958
0,0,0,0.25125
0,0,0,0.25285
0,0,0,0.25445
0,0,0,0.25607
0,0,0,0.25765
0,0,0,0.25926
0,0,0,0.2608
0,0,0,0.26241
0,0,0,0.26401
0,0,0,0.26562
0,0,0,0.26722
0,0,0,0.26888
0,0,0,0.27057
0,0,0,0.27218
0,0,0,0.27377
0,0,0,0.27555
0,0,0,0.27723
-56.443,-99.682,217.83,0.27893
0,0,0,0.28059
0,0,0,0.28213
0,0,0,0.28375
0,0,0,0.28541
0,0,0,0.28702
0,0,0,0.28863
0,0,0,0.29025
0,0,0,0.29186
0,0,0,0.29347
0,0,0,0.2951
0,0,0,0.29663
0,0,0,0.2983
0,0,0,0.29984
0,0,0,0.30146
0,0,0,0.30306
0,0,0,0.30466
-65.164,-115.08,-288.4,0.30627
0,0,0,0.30786
0,0,0,0.30949
0,0,0,0.31111
0,0,0,0.31274
0,0,0,0.31434
0,0,0,0.31593
0,0,0,0.31752
0,0,0,0.31915
0,0,0,0.32077
0,0,0,0.32237
0,0,0,0.32398
0,0,0,0.32557
199.71,352.7,366.03,0.3271
0,0,0,0.32869
0,0,0,0.33038
0,0,0,0.33198
0,0,0,0.3335
0,0,0,0.33515
0,0,0,0.33681
0,0,0,0.33846
0,0,0,0.34001
0,0,0,0.34167
0,0,0,0.34321
0,0,0,0.34483
0,0,0,0.34643
0,0,0,0.34808
0,0,0,0.34962
0,0,0,0.35129
0,0,0,0.35289
-63.932,-112.91,-284.52,0.35453
0,0,0,0.35613
0,0,0,0.35774
0,0,0,0.35936
0,0,0,0.36098
0,0,0,0.36267
0,0,0,0.3643
0,0,0,0.3659
0,0,0,0.3675
0,0,0,0.36915
0,0,0,0.37076
0,0,0,0.37234
-119,-210.16,-55.714,0.37404
0,0,0,0.37565
0,0,0,0.37724
0,0,0,0.37889
0,0,0,0.3805
0,0,0,0.38213
0,0,0,0.38412
0,0,0,0.38582
0,0,0,0.38743
0,0,0,0.38904
0,0,0,0.39066
0,0,0,0.39227
0,0,0,0.39387
0,0,0,0.39546
0,0,0,0.39705
0,0,0,0.39869
0,0,0,0.4003
63.433,112.03,280.73,0.40196
0,0,0,0.40357
0,0,0,0.40516
0,0,0,0.40679
0,0,0,0.40839
0,0,0,0.40999
0,0,0,0.41159
0,0,0,0.41319
0,0,0,0.41482
0,0,0,0.41641
0,0,0,0.41803
0,0,0,0.41956
0,0,0,0.42115
-61.864,-109.25,-273.79,0.42285
0,0,0,0.42443
0,0,0,0.42598
0,0,0,0.42757
0,0,0,0.42917
0,0,0,0.43088
0,0,0,0.43246
0,0,0,0.43404
0,0,0,0.43564
0,0,0,0.43722
0,0,0,0.43883
0,0,0,0.44046
0,0,0,0.44204
0,0,0,0.44363
0,0,0,0.44521
0,0,0,0.44683
0,0,0,0.44833
320.51,-20.611,807.31,0.44994
0,0,0,0.45157
0,0,0,0.45315
0,0,0,0.45474
0,0,0,0.45633
0,0,0,0.45792
0,0,0,0.45953
0,0,0,0.46112
0,0,0,0.46277
0,0,0,0.46432
0,0,0,0.4659
0,0,0,0.46756
0,0,0,0.46922
226.39,-125.85,463.69,0.47102
0,0,0,0.47262
0,0,0,0.47422
0,0,0,0.47582
0,0,0,0.47742
0,0,0,0.47904
0,0,0,0.48063
0,0,0,0.48214
0,0,0,0.48373
0,0,0,0.48534
0,0,0,0.487
0,0,0,0.48863
0,0,0,0.49024
0,0,0,0.49182
0,0,0,0.49341
0,0,0,0.49502
0,0,0,0.49652
510.59,-297.63,527.98,0.4981
0,0,0,0.49975
0,0,0,0.50135
0,0,0,0.50299
0,0,0,0.50459
0,0,0,0.50618
0,0,0,0.50776
0,0,0,0.50937
0,0,0,0.51106
0,0,0,0.51258
0,0,0,0.51421
0,0,0,0.5158
0,0,0,0.5174
-1.9718,-3.35,495.13,0.51907
0,0,0,0.52067
0,0,0,0.52227
0,0,0,0.52386
0,0,0,0.52545
0,0,0,0.52711
0,0,0,0.52871
0,0,0,0.53024
0,0,0,0.53183
0,0,0,0.53348
0,0,0,0.53514
0,0,0,0.53673
0,0,0,0.53834
0,0,0,0.53993
0,0,0,0.54151
0,0,0,0.54314
0,0,0,0.54466
345.32,-1119.5,844.03,0.54625
0,0,0,0.54785
0,0,0,0.54943
0,0,0,0.55103
0,0,0,0.55264
0,0,0,0.55424
0,0,0,0.55582
0,0,0,0.55739
0,0,0,0.55894
0,0,0,0.56052
0,0,0,0.56216
0,0,0,0.56376
0,0,0,0.56535
395.31,-412.54,707.32,0.56702
0,0,0,0.56878
0,0,0,0.57059
0,0,0,0.57234
0,0,0,0.57425
0,0,0,0.57608
0,0,0,0.5778
0,0,0,0.57952
0,0,0,0.58114
0,0,0,0.58294
0,0,0,0.58458
0,0,0,0.58621
0,0,0,0.58785
0,0,0,0.58941
0,0,0,0.59121
0,0,0,0.59274
596.95,-624.87,1700.1,0.59439
0,0,0,0.59599
0,0,0,0.59762
0,0,0,0.59935
0,0,0,0.60095
0,0,0,0.60262
0,0,0,0.60421
0,0,0,0.6059
0,0,0,0.6075
0,0,0,0.60911
0,0,0,0.61072
0,0,0,0.61231
-14.73,-562.1,1175,0.61389
0,0,0,0.61547
0,0,0,0.61706
0,0,0,0.61867
0,0,0,0.62027
0,0,0,0.62192
0,0,0,0.62343
0,0,0,0.625
0,0,0,0.62666
0,0,0,0.62825
0,0,0,0.62977
0,0,0,0.63135
0,0,0,0.63294
0,0,0,0.63452
0,0,0,0.63613
0,0,0,0.63772
0,0,0,0.63933
0,0,0,0.64091
945.53,-1657.1,2067,0.6425
0,0,0,0.64408
0,0,0,0.64572
0,0,0,0.64731
0,0,0,0.64893
0,0,0,0.65051
0,0,0,0.65212
0,0,0,0.65374
0,0,0,0.65534
0,0,0,0.65693
0,0,0,0.65857
0,0,0,0.66016
0,0,0,0.66177
372.51,22.764,1400.8,0.66329
0,0,0,0.66489
0,0,0,0.66656
0,0,0,0.66821
0,0,0,0.66979
0,0,0,0.67138
0,0,0,0.67296
0,0,0,0.67456
0,0,0,0.67614
0,0,0,0.67773
0,0,0,0.67936
0,0,0,0.68094
0,0,0,0.68253
0,0,0,0.68411
0,0,0,0.68572
0,0,0,0.6873
0,0,0,0.6889
1275.5,-2272.4,2597.7,0.69042
0,0,0,0.692
0,0,0,0.69359
0,0,0,0.69518
0,0,0,0.69677
0,0,0,0.69838
0,0,0,0.69996
0,0,0,0.70158
0,0,0,0.70331
0,0,0,0.70511
0,0,0,0.7069
0,0,0,0.70869
428.72,-1092.2,716.77,0.71046
0,0,0,0.71226
0,0,0,0.714
0,0,0,0.71577
0,0,0,0.71749
0,0,0,0.7193
0,0,0,0.72105
0,0,0,0.72294
0,0,0,0.72472
0,0,0,0.72668
0,0,0,0.72841
0,0,0,0.73035
0,0,0,0.73203
0,0,0,0.7339
0,0,0,0.73577
0,0,0,0.7375
433.61,-1399.6,2150.5,0.73932
0,0,0,0.74096
0,0,0,0.74265
0,0,0,0.74424
0,0,0,0.74584
0,0,0,0.74745
0,0,0,0.74906
0,0,0,0.75069
0,0,0,0.75235
0,0,0,0.75387
0,0,0,0.75546
0,0,0,0.75712
638.43,-502.25,1996.5,0.75872
0,0,0,0.76023
0,0,0,0.76185
0,0,0,0.76344
0,0,0,0.76511
0,0,0,0.76672
0,0,0,0.76834
0,0,0,0.76996
0,0,0,0.77159
0,0,0,0.77317
0,0,0,0.77476
0,0,0,0.77636
0,0,0,0.77794
0,0,0,0.77954
0,0,0,0.78115
0,0,0,0.78275
0,0,0,0.78434
0,0,0,0.78595
0,0,0,0.78753
731.4,-2125.7,2380.6,0.78909
0,0,0,0.79072
0,0,0,0.79235
0,0,0,0.79396
0,0,0,0.79557
0,0,0,0.79717
0,0,0,0.79879
0,0,0,0.80041
0,0,0,0.80206
0,0,0,0.80368
0,0,0,0.8052
879.22,-1000.2,1661.1,0.80681
0,0,0,0.80842
0,0,0,0.81
0,0,0,0.81162
0,0,0,0.8132
0,0,0,0.81481
0,0,0,0.81641
0,0,0,0.81799
0,0,0,0.8196
0,0,0,0.82113
0,0,0,0.82272
0,0,0,0.82431
0,0,0,0.82589
0,0,0,0.82749
0,0,0,0.82907
0,0,0,0.8308
0,0,0,0.8324
1148.2,-2274.8,3898.2,0.83398
0,0,0,0.83559
0,0,0,0.83717
0,0,0,0.8388
0,0,0,0.8404
0,0,0,0.84198
0,0,0,0.84358
0,0,0,0.84516
0,0,0,0.84676
0,0,0,0.84834
0,0,0,0.84986
0,0,0,0.85145
0,0,0,0.85305
0,0,0,0.85464
705.73,-785.55,1995.7,0.85623
0,0,0,0.85781
0,0,0,0.85943
0,0,0,0.86102
0,0,0,0.86267
0,0,0,0.86421
0,0,0,0.8658
0,0,0,0.86741
0,0,0,0.86903
0,0,0,0.87065
0,0,0,0.87225
0,0,0,0.87384
0,0,0,0.87543
0,0,0,0.87702
0,0,0,0.87865
0,0,0,0.88027
0,0,0,0.88185
0,0,0,0.88345
1278.9,-2494.2,3799.4,0.88499
0,0,0,0.88669
0,0,0,0.88822
0,0,0,0.88984
0,0,0,0.89142
0,0,0,0.89302
0,0,0,0.89462
0,0,0,0.89623
0,0,0,0.89782
0,0,0,0.89947
0,0,0,0.90106
0,0,0,0.90271
-0.45189,-696.13,1800.3,0.9043
0,0,0,0.90589
0,0,0,0.90751
0,0,0,0.90912
0,0,0,0.91075
0,0,0,0.91233
0,0,0,0.91391
0,0,0,0.91551
0,0,0,0.9171
0,0,0,0.91874
0,0,0,0.92033
0,0,0,0.92185
0,0,0,0.92348
0,0,0,0.92506
0,0,0,0.92666
0,0,0,0.92825
0,0,0,0.92993
0,0,0,0.93158
1527.2,-2734.5,3305.7,0.93317
0,0,0,0.93477
0,0,0,0.93638
0,0,0,0.93796
0,0,0,0.93958
0,0,0,0.94119
0,0,0,0.94276
0,0,0,0.94441
0,0,0,0.946
0,0,0,0.94759
0,0,0,0.94912
0,0,0,0.95079
828.01,-1672.8,1674.9,0.95234
0,0,0,0.95392
0,0,0,0.95551
0,0,0,0.95709
0,0,0,0.95869
0,0,0,0.96029
0,0,0,0.96188
0,0,0,0.96361
0,0,0,0.96521
0,0,0,0.96684
0,0,0,0.96849
0,0,0,0.97008
0,0,0,0.97168
0,0,0,0.97327
0,0,0,0.97486
0,0,0,0.97652
0,0,0,0.97823
0,0,0,0.97996
1074.5,-2409.3,3988.7,0.98166
0,0,0,0.98327
0,0,0,0.98517
0,0,0,0.9869
0,0,0,0.98858
0,0,0,0.99045
0,0,0,0.99214
0,0,0,0.99382
0,0,0,0.99553
0,0,0,0.99718
0,0,0,0.99881
548.05,-1386.1,1697.8,1.0005
0,0,0,1.0021
0,0,0,1.0037
0,0,0,1.0053
0,0,0,1.0069
0,0,0,1.0085
0,0,0,1.0101
0,0,0,1.0116
0,0,0,1.0132
0,0,0,1.0148
0,0,0,1.0164
0,0,0,1.0179
0,0,0,1.0196
0,0,0,1.0211
0,0,0,1.0227
0,0,0,1.0243
0,0,0,1.0259
0,0,0,1.0275
604.79,-2910.6,4187.7,1.0292
0,0,0,1.0308
0,0,0,1.0325
0,0,0,1.0341
0,0,0,1.0357
0,0,0,1.0373
0,0,0,1.039
0,0,0,1.0405
0,0,0,1.0421
0,0,0,1.0437
0,0,0,1.0453
0,0,0,1.0469
221.83,-1239.9,1422.8,1.0485
0,0,0,1.0502
0,0,0,1.0517
0,0,0,1.0533
0,0,0,1.0549
0,0,0,1.0564
0,0,0,1.058
0,0,0,1.0596
0,0,0,1.0612
0,0,0,1.0628
0,0,0,1.0644
0,0,0,1.066
0,0,0,1.0676
0,0,0,1.0692
0,0,0,1.0708
0,0,0,1.0724
0,0,0,1.074
0,0,0,1.0755
601.39,-2698,3544.3,1.0771
0,0,0,1.0787
0,0,0,1.0802
0,0,0,1.0819
0,0,0,1.0835
0,0,0,1.085
0,0,0,1.0866
0,0,0,1.0883
0,0,0,1.0899
0,0,0,1.0914
0,0,0,1.0929
0,0,0,1.0946
615.45,-1818.1,1835.5,1.0962
0,0,0,1.0978
0,0,0,1.0994
0,0,0,1.101
0,0,0,1.1027
0,0,0,1.1042
0,0,0,1.1058
0,0,0,1.1074
0,0,0,1.109
0,0,0,1.1106
0,0,0,1.1122
0,0,0,1.1138
0,0,0,1.1154
0,0,0,1.117
0,0,0,1.1186
0,0,0,1.1202
0,0,0,1.1217
0,0,0,1.1233
307.69,-2323,4375,1.1248
0,0,0,1.1264
0,0,0,1.128
0,0,0,1.1296
0,0,0,1.1312
0,0,0,1.1328
0,0,0,1.1344
0,0,0,1.136
0,0,0,1.1376
0,0,0,1.1391
0,0,0,1.1407
0,0,0,1.1423
241.25,-1437.1,1631.3,1.1438
0,0,0,1.1455
0,0,0,1.1471
0,0,0,1.1487
0,0,0,1.1503
0,0,0,1.1519
0,0,0,1.1534
0,0,0,1.155
0,0,0,1.1566
0,0,0,1.1582
0,0,0,1.1597
0,0,0,1.1616
0,0,0,1.1631
0,0,0,1.1647
0,0,0,1.1663
0,0,0,1.1679
0,0,0,1.1695
0,0,0,1.1711
778.07,-2469.6,3475.9,1.1727
0,0,0,1.1742
0,0,0,1.1759
0,0,0,1.1775
0,0,0,1.1791
0,0,0,1.1806
0,0,0,1.1822
0,0,0,1.1837
0,0,0,1.1853
0,0,0,1.187
0,0,0,1.1885
0,0,0,1.1901
277.24,-1092.2,1795.6,1.1918
0,0,0,1.1934
0,0,0,1.195
0,0,0,1.1966
0,0,0,1.1982
0,0,0,1.1997
0,0,0,1.2013
0,0,0,1.2029
0,0,0,1.2045
0,0,0,1.2061
0,0,0,1.2077
0,0,0,1.2093
0,0,0,1.2109
0,0,0,1.2125
0,0,0,1.2141
0,0,0,1.2157
0,0,0,1.2173
0,0,0,1.2189
867.87,-2064.5,3499.3,1.2204
0,0,0,1.222
0,0,0,1.2237
0,0,0,1.2252
0,0,0,1.2269
0,0,0,1.2285
0,0,0,1.23
0,0,0,1.2316
0,0,0,1.2332
0,0,0,1.2348
0,0,0,1.2364
0,0,0,1.238
0,0,0,1.2396
752.2,-1030.8,2436.1,1.2412
0,0,0,1.2428
0,0,0,1.2444
0,0,0,1.246
0,0,0,1.2476
0,0,0,1.2492
0,0,0,1.2508
0,0,0,1.2524
0,0,0,1.254
0,0,0,1.2556
0,0,0,1.2572
0,0,0,1.2588
0,0,0,1.2603
0,0,0,1.262
0,0,0,1.2636
0,0,0,1.2652
0,0,0,1.2667
430.23,-1852.1,2942.1,1.2683
0,0,0,1.2699
0,0,0,1.2715
0,0,0,1.2731
0,0,0,1.2747
0,0,0,1.2762
0,0,0,1.2778
0,0,0,1.2794
0,0,0,1.281
0,0,0,1.2826
0,0,0,1.2842
0,0,0,1.2858
0,0,0,1.2874
504.84,-872.61,1009.5,1.289
0,0,0,1.2906
0,0,0,1.2922
0,0,0,1.2939
0,0,0,1.2955
0,0,0,1.2971
0,0,0,1.2987
0,0,0,1.3003
0,0,0,1.3019
0,0,0,1.3035
0,0,0,1.3051
0,0,0,1.3066
0,0,0,1.3082
0,0,0,1.3098
0,0,0,1.3114
0,0,0,1.3129
0,0,0,1.3145
1080.6,-1522.8,2803.9,1.3161
0,0,0,1.3177
0,0,0,1.3193
0,0,0,1.3209
0,0,0,1.3225
0,0,0,1.3241
0,0,0,1.3257
0,0,0,1.3273
0,0,0,1.3288
0,0,0,1.3304
0,0,0,1.332
0,0,0,1.3336
0,0,0,1.3353
464.17,-416.2,522.8,1.3369
0,0,0,1.3385
0,0,0,1.3401
0,0,0,1.3416
0,0,0,1.3432
0,0,0,1.3448
0,0,0,1.3463
0,0,0,1.3479
0,0,0,1.3495
0,0,0,1.3511
0,0,0,1.3527
0,0,0,1.3543
0,0,0,1.3559
0,0,0,1.3575
0,0,0,1.3591
0,0,0,1.3607
0,0,0,1.3623
589.46,-1588.1,2725,1.364
0,0,0,1.3656
0,0,0,1.3672
0,0,0,1.3688
0,0,0,1.3704
0,0,0,1.372
0,0,0,1.3735
0,0,0,1.3751
0,0,0,1.3767
0,0,0,1.3782
0,0,0,1.3798
0,0,0,1.3814
0,0,0,1.383
271.55,-715.12,977.88,1.3851
0,0,0,1.3868
0,0,0,1.3884
0,0,0,1.3899
0,0,0,1.3916
0,0,0,1.3931
0,0,0,1.3947
0,0,0,1.3963
0,0,0,1.3978
0,0,0,1.3995
0,0,0,1.4011
0,0,0,1.4028
0,0,0,1.4043
0,0,0,1.4059
0,0,0,1.4075
0,0,0,1.409
0,0,0,1.4106
0,0,0,1.4122
549.87,-1431,2595.5,1.4138
0,0,0,1.4154
0,0,0,1.417
0,0,0,1.4186
0,0,0,1.4202
0,0,0,1.4217
0,0,0,1.4233
0,0,0,1.4249
0,0,0,1.4265
0,0,0,1.428
0,0,0,1.4296
0,0,0,1.4312
171.86,-481.33,1040,1.4328
0,0,0,1.4344
0,0,0,1.4359
0,0,0,1.4375
0,0,0,1.4391
0,0,0,1.4407
0,0,0,1.4423
0,0,0,1.4438
0,0,0,1.4454
0,0,0,1.4471
0,0,0,1.4487
0,0,0,1.4503
0,0,0,1.4519
0,0,0,1.4535
0,0,0,1.4551
0,0,0,1.4566
0,0,0,1.4583
0,0,0,1.4599
557.59,-1265.6,1925.5,1.4614
0,0,0,1.463
0,0,0,1.4646
0,0,0,1.4662
0,0,0,1.4677
0,0,0,1.4693
0,0,0,1.4709
0,0,0,1.4725
0,0,0,1.4741
0,0,0,1.4756
0,0,0,1.4772
0,0,0,1.4787
0,0,0,1.4803
299.3,-235.74,274.46,1.4819
0,0,0,1.4835
0,0,0,1.4851
0,0,0,1.4867
0,0,0,1.4882
0,0,0,1.4897
0,0,0,1.4914
0,0,0,1.493
0,0,0,1.4947
0,0,0,1.4963
0,0,0,1.4978
0,0,0,1.4994
0,0,0,1.501
0,0,0,1.5026
0,0,0,1.5041
0,0,0,1.5057
0,0,0,1.5073
0,0,0,1.5088
432.1,-983.95,1836.2,1.5104
0,0,0,1.5126
0,0,0,1.5141
0,0,0,1.5158
0,0,0,1.5174
0,0,0,1.519
0,0,0,1.5206
0,0,0,1.5221
0,0,0,1.5237
0,0,0,1.5253
0,0,0,1.5269
286.57,-245.83,273.74,1.5285
0,0,0,1.5301
0,0,0,1.5316
0,0,0,1.5332
0,0,0,1.5348
0,0,0,1.5364
0,0,0,1.538
0,0,0,1.5396
0,0,0,1.5412
0,0,0,1.5428
0,0,0,1.5444
0,0,0,1.5459
0,0,0,1.5475
0,0,0,1.549
0,0,0,1.5507
0,0,0,1.5523
0,0,0,1.5538
0,0,0,1.5554
0,0,0,1.5572
336.79,-760.34,1330.3,1.5587
0,0,0,1.5603
0,0,0,1.5619
0,0,0,1.5635
0,0,0,1.5651
0,0,0,1.5667
0,0,0,1.5682
0,0,0,1.5699
0,0,0,1.5715
0,0,0,1.573
0,0,0,1.5746
0,0,0,1.5762
0,0,0,1.5778
274.78,4.6045,528.98,1.5794
0,0,0,1.581
0,0,0,1.5825
0,0,0,1.5841
0,0,0,1.5857
0,0,0,1.5873
0,0,0,1.5889
0,0,0,1.5906
0,0,0,1.5922
0,0,0,1.5937
0,0,0,1.5952
0,0,0,1.5968
0,0,0,1.5985
0,0,0,1.6
0,0,0,1.6016
0,0,0,1.6032
0,0,0,1.6048
0,0,0,1.6063
0,0,0,1.6079
0,0,0,1.6095
0,0,0,1.6111
0,0,0,1.6127
0,0,0,1.6143
0,0,0,1.6159
0,0,0,1.6174
0,0,0,1.6191
0,0,0,1.6207
0,0,0,1.6223
0,0,0,1.6238
0,0,0,1.6254
-259.23,-4.3439,257.42,1.627
0,0,0,1.6286
0,0,0,1.6301
0,0,0,1.6317
0,0,0,1.6333
0,0,0,1.6349
0,0,0,1.6364
0,0,0,1.638
0,0,0,1.6397
0,0,0,1.6412
0,0,0,1.6427
0,0,0,1.6443
0,0,0,1.6459
0,0,0,1.6475
0,0,0,1.6491
0,0,0,1.6507
0,0,0,1.6523
253.68,4.2509,-524.11,1.6539
0,0,0,1.6554
0,0,0,1.657
0,0,0,1.6586
0,0,0,1.6602
0,0,0,1.6618
0,0,0,1.6634
0,0,0,1.665
0,0,0,1.6665
0,0,0,1.6681
0,0,0,1.6698
0,0,0,1.6714
0,0,0,1.6729
0,0,0,1.6746
0,0,0,1.6761
0,0,0,1.6777
0,0,0,1.6792
0,0,0,1.6808
0,0,0,1.6824
0,0,0,1.684
0,0,0,1.6856
0,0,0,1.6872
0,0,0,1.6888
0,0,0,1.6904
0,0,0,1.692
0,0,0,1.6936
0,0,0,1.6952
0,0,0,1.6968
0,0,0,1.6984
0,0,0,1.7
0,0,0,1.7016
-7.5278,-0.12614,-261.36,1.7032
0,0,0,1.7047
0,0,0,1.7063
0,0,0,1.7079
0,0,0,1.7095
0,0,0,1.7111
0,0,0,1.7126
0,0,0,1.7141
0,0,0,1.7157
0,0,0,1.7173
0,0,0,1.7189
0,0,0,1.7205
-4.9824,-259.63,-266.32,1.7221
0,0,0,1.7236
0,0,0,1.733
0,0,0,1.7347
0,0,0,1.7363
0,0,0,1.7378
0,0,0,1.7393
0,0,0,1.7408
0,0,0,1.7423
0,0,0,1.7438
0,0,0,1.7453
0,0,0,1.7468
0,0,0,1.7483
0,0,0,1.7497
0,0,0,1.7512
0,0,0,1.753
0,0,0,1.7546
0,0,0,1.7561
0,0,0,1.7576
0,0,0,1.7594
0,0,0,1.7609
0,0,0,1.7625
0,0,0,1.764
0,0,0,1.7655
0,0,0,1.767
0,0,0,1.7685
0,0,0,1.77
0,0,0,1.7715
0,0,0,1.773
0,0,0,1.7745
0,0,0,1.776
0,0,0,1.7775
0,0,0,1.7792
0,0,0,1.781
0,0,0,1.7826
0,0,0,1.7844
0,0,0,1.7861
0,0,0,1.7881
0,0,0,1.7898
0,0,0,1.7915
0,0,0,1.7932
0,0,0,1.7948
0,0,0,1.7964
-243.75,-3.0632,245.09,1.7981
0,0,0,1.7998
0,0,0,1.8014
0,0,0,1.8031
0,0,0,1.8047
0,0,0,1.8064
0,0,0,1.808
0,0,0,1.8096
0,0,0,1.8112
0,0,0,1.8129
0,0,0,1.8145
0,0,0,1.8162
-17.846,204.91,-422.85,1.8182
0,0,0,1.8199
0,0,0,1.8216
0,0,0,1.8232
0,0,0,1.8248
0,0,0,1.8264
0,0,0,1.828
0,0,0,1.8296
0,0,0,1.8312
0,0,0,1.8329
0,0,0,1.8346
0,0,0,1.8363
0,0,0,1.8379
0,0,0,1.8395
0,0,0,1.8411
0,0,0,1.8429
0,0,0,1.8446
232.76,-240.58,-494.85,1.8463
0,0,0,1.8479
0,0,0,1.8496
0,0,0,1.8512
0,0,0,1.853
0,0,0,1.8547
0,0,0,1.8563
0,0,0,1.8579
0,0,0,1.8595
0,0,0,1.8612
0,0,0,1.8629
0,0,0,1.8646
-9.688,-238.67,-244.8,1.8663
0,0,0,1.868
0,0,0,1.8696
0,0,0,1.8711
0,0,0,1.8727
0,0,0,1.8744
0,0,0,1.8759
0,0,0,1.8775
0,0,0,1.8791
0,0,0,1.8807
0,0,0,1.8823
0,0,0,1.884
0,0,0,1.8855
0,0,0,1.8873
0,0,0,1.8889
0,0,0,1.8905
0,0,0,1.8922
204.3,-718.1,-730.04,1.8939
0,0,0,1.8956
0,0,0,1.8971
0,0,0,1.8989
0,0,0,1.9005
0,0,0,1.9022
0,0,0,1.9039
0,0,0,1.9055
0,0,0,1.9071
0,0,0,1.9086
0,0,0,1.9103
0,0,0,1.9119
0,0,0,1.9135
-4.1999,-501.32,0,1.9151
0,0,0,1.9167
0,0,0,1.9183
0,0,0,1.9199
0,0,0,1.9216
0,0,0,1.9233
0,0,0,1.925
0,0,0,1.9266
0,0,0,1.9283
0,0,0,1.93
0,0,0,1.9318
0,0,0,1.9335
0,0,0,1.9351
0,0,0,1.9368
0,0,0,1.9384
0,0,0,1.9401
0,0,0,1.9417
665.37,-751.83,-989.34,1.9434
0,0,0,1.9451
0,0,0,1.9467
0,0,0,1.9484
0,0,0,1.95
0,0,0,1.9516
0,0,0,1.9532
0,0,0,1.955
0,0,0,1.9566
0,0,0,1.9582
0,0,0,1.9598
0,0,0,1.9615
220.74,-251.75,-245.65,1.9632
0,0,0,1.9648
0,0,0,1.9665
0,0,0,1.9681
0,0,0,1.9697
0,0,0,1.9713
0,0,0,1.9729
0,0,0,1.9746
0,0,0,1.9762
0,0,0,1.9778
0,0,0,1.9795
0,0,0,1.9811
0,0,0,1.9827
0,0,0,1.9843
0,0,0,1.986
0,0,0,1.9876
0,0,0,1.9892
825.37,-1317.4,-1538.4,1.9909
0,0,0,1.9925
0,0,0,1.9941
0,0,0,1.9957
0,0,0,1.9972
0,0,0,1.9988
0,0,0,2.0003
0,0,0,2.0018
0,0,0,2.0034
0,0,0,2.0049
0,0,0,2.0065
0,0,0,2.008
0,0,0,2.0095
93.711,-1382.8,-816.98,2.0111
0,0,0,2.0126
0,0,0,2.0142
0,0,0,2.0157
0,0,0,2.0172
0,0,0,2.0188
0,0,0,2.0204
0,0,0,2.0219
0,0,0,2.0235
0,0,0,2.0251
0,0,0,2.0266
0,0,0,2.0282
0,0,0,2.0297
0,0,0,2.0312
0,0,0,2.0328
0,0,0,2.0343
0,0,0,2.0359
0,0,0,2.0374
772.67,-1746,-1389.3,2.0389
0,0,0,2.0404
0,0,0,2.042
0,0,0,2.0435
0,0,0,2.045
0,0,0,2.0465
0,0,0,2.0481
0,0,0,2.0496
0,0,0,2.0511
0,0,0,2.0526
0,0,0,2.0542
0,0,0,2.0557
0,0,0,2.0573
553.78,-582.6,-1038.1,2.0589
0,0,0,2.0605
0,0,0,2.062
0,0,0,2.0636
0,0,0,2.0651
0,0,0,2.0666
0,0,0,2.0682
0,0,0,2.0697
0,0,0,2.0712
0,0,0,2.0728
0,0,0,2.0743
0,0,0,2.0758
0,0,0,2.0774
0,0,0,2.0789
0,0,0,2.0804
0,0,0,2.0819
0,0,0,2.0834
0,0,0,2.085
777.64,-2077.3,-1939.8,2.0865
0,0,0,2.0881
0,0,0,2.0896
0,0,0,2.0911
0,0,0,2.0927
0,0,0,2.0942
0,0,0,2.0957
0,0,0,2.0972
0,0,0,2.0988
0,0,0,2.1003
0,0,0,2.1018
0,0,0,2.1033
0,0,0,2.1048
706.72,-995.91,-1457.8,2.1063
0,0,0,2.1078
0,0,0,2.1093
0,0,0,2.1108
0,0,0,2.1123
0,0,0,2.1138
0,0,0,2.1153
0,0,0,2.1167
0,0,0,2.1183
0,0,0,2.1198
0,0,0,2.1213
0,0,0,2.1228
0,0,0,2.1243
0,0,0,2.1257
0,0,0,2.1272
0,0,0,2.1287
0,0,0,2.1302
0,0,0,2.1317
0,0,0,2.1332
1622.6,-2091.8,-2712.7,2.1347
0,0,0,2.1362
0,0,0,2.1376
0,0,0,2.1391
0,0,0,2.1407
0,0,0,2.1422
0,0,0,2.1437
0,0,0,2.1452
0,0,0,2.1467
0,0,0,2.1482
0,0,0,2.1497
0,0,0,2.1512
0,0,0,2.1527
663.65,-1368.6,-956.83,2.1542
0,0,0,2.1557
0,0,0,2.1571
0,0,0,2.1586
0,0,0,2.1601
0,0,0,2.1618
0,0,0,2.1633
0,0,0,2.1648
0,0,0,2.1663
0,0,0,2.1678
0,0,0,2.1693
0,0,0,2.1708
0,0,0,2.1723
0,0,0,2.1738
0,0,0,2.1753
0,0,0,2.1767
0,0,0,2.1782
0,0,0,2.1797
0,0,0,2.1812
1615.8,-2182.4,-3589.1,2.1827
0,0,0,2.1842
0,0,0,2.1857
0,0,0,2.1872
0,0,0,2.1887
0,0,0,2.1902
0,0,0,2.1917
0,0,0,2.1932
0,0,0,2.1946
0,0,0,2.1961
0,0,0,2.1976
0,0,0,2.1991
0,0,0,2.2006
776.6,-832.03,-1611.4,2.2021
0,0,0,2.2035
0,0,0,2.205
0,0,0,2.2065
0,0,0,2.208
0,0,0,2.2094
0,0,0,2.2109
0,0,0,2.2124
0,0,0,2.2139
0,0,0,2.2154
0,0,0,2.2169
0,0,0,2.2184
0,0,0,2.2199
0,0,0,2.2214
0,0,0,2.2229
0,0,0,2.2244
0,0,0,2.2258
0,0,0,2.2273
0,0,0,2.2288
1263.7,-3003.4,-3602.3,2.2303
0,0,0,2.2318
0,0,0,2.2332
0,0,0,2.2347
0,0,0,2.2362
0,0,0,2.2377
0,0,0,2.2391
0,0,0,2.2406
0,0,0,2.2421
0,0,0,2.2435
0,0,0,2.245
0,0,0,2.2465
0,0,0,2.248
0,0,0,2.2495
763.89,-546.88,-2266.2,2.251
0,0,0,2.2525
0,0,0,2.2539
0,0,0,2.2555
0,0,0,2.2569
0,0,0,2.2584
0,0,0,2.2599
0,0,0,2.2614
0,0,0,2.2629
0,0,0,2.2643
0,0,0,2.2659
0,0,0,2.2673
0,0,0,2.2688
0,0,0,2.2703
0,0,0,2.2718
0,0,0,2.2733
0,0,0,2.2748
0,0,0,2.2762
0,0,0,2.2777
1200.2,-2814,-3231.7,2.2792
0,0,0,2.2807
0,0,0,2.2823
0,0,0,2.2839
0,0,0,2.2853
0,0,0,2.2868
0,0,0,2.2883
0,0,0,2.2898
0,0,0,2.2913
0,0,0,2.2927
0,0,0,2.2942
0,0,0,2.2957
0,0,0,2.2972
0,0,0,2.2987
393.4,-1555.8,-1463.7,2.3002
0,0,0,2.3017
0,0,0,2.3032
0,0,0,2.3047
0,0,0,2.3061
0,0,0,2.3076
0,0,0,2.3091
0,0,0,2.3106
0,0,0,2.3121
0,0,0,2.3136
0,0,0,2.3151
0,0,0,2.3166
0,0,0,2.318
0,0,0,2.3195
0,0,0,2.321
0,0,0,2.3225
0,0,0,2.324
0,0,0,2.3255
0,0,0,2.3269
733.45,-2804,-2976.7,2.3285
0,0,0,2.33
0,0,0,2.3315
0,0,0,2.333
0,0,0,2.3345
0,0,0,2.336
0,0,0,2.3375
0,0,0,2.339
0,0,0,2.3405
0,0,0,2.342
0,0,0,2.3435
0,0,0,2.3449
454.05,-1665.1,-2231.6,2.3464
0,0,0,2.348
0,0,0,2.3495
0,0,0,2.351
0,0,0,2.3525
0,0,0,2.3539
0,0,0,2.3556
0,0,0,2.3571
0,0,0,2.3585
0,0,0,2.36
0,0,0,2.3616
0,0,0,2.3631
0,0,0,2.3646
0,0,0,2.3662
0,0,0,2.3676
0,0,0,2.3691
0,0,0,2.3706
0,0,0,2.3721
0,0,0,2.3736
0,0,0,2.3751
1077.5,-2684.7,-3658.2,2.3766
0,0,0,2.3781
0,0,0,2.3796
0,0,0,2.381
0,0,0,2.3826
0,0,0,2.384
0,0,0,2.3855
0,0,0,2.387
0,0,0,2.3885
0,0,0,2.39
0,0,0,2.3915
0,0,0,2.393
0,0,0,2.3945
692.77,-1464.6,-1251.4,2.396
0,0,0,2.3975
0,0,0,2.399
0,0,0,2.4004
0,0,0,2.4019
0,0,0,2.4034
0,0,0,2.4049
0,0,0,2.4064
0,0,0,2.4079
0,0,0,2.4093
0,0,0,2.4109
0,0,0,2.4125
0,0,0,2.414
0,0,0,2.4155
0,0,0,2.417
0,0,0,2.4185
0,0,0,2.4199
0,0,0,2.4214
0,0,0,2.4229
1568,-2291.9,-3620.3,2.4244
0,0,0,2.426
0,0,0,2.4275
0,0,0,2.429
0,0,0,2.4305
0,0,0,2.432
0,0,0,2.4334
0,0,0,2.4349
0,0,0,2.4364
0,0,0,2.4378
0,0,0,2.4394
0,0,0,2.4409
0,0,0,2.4423
701.27,-1145,-2382.9,2.4438
0,0,0,2.4453
0,0,0,2.4468
0,0,0,2.4482
0,0,0,2.4497
0,0,0,2.4512
0,0,0,2.4527
0,0,0,2.4542
0,0,0,2.4557
0,0,0,2.4572
0,0,0,2.4588
0,0,0,2.4603
0,0,0,2.4618
0,0,0,2.4633
0,0,0,2.4647
0,0,0,2.4662
0,0,0,2.4677
0,0,0,2.4692
0,0,0,2.4707
1684.2,-2918.5,-4397.1,2.4721
0,0,0,2.4736
0,0,0,2.4751
0,0,0,2.4766
0,0,0,2.4781
0,0,0,2.4796
0,0,0,2.4811
0,0,0,2.4826
0,0,0,2.4841
0,0,0,2.4855
0,0,0,2.487
0,0,0,2.4885
0,0,0,2.49
0,0,0,2.4915
621.8,-1184.4,-475.81,2.493
0,0,0,2.4945
0,0,0,2.496
0,0,0,2.4975
0,0,0,2.499
0,0,0,2.5005
0,0,0,2.5019
0,0,0,2.5034
0,0,0,2.5049
0,0,0,2.5064
0,0,0,2.5079
0,0,0,2.5094
0,0,0,2.5109
0,0,0,2.5124
0,0,0,2.5138
0,0,0,2.5153
0,0,0,2.5168
0,0,0,2.5183
1045.1,-2775.3,-3679,2.5198
0,0,0,2.5213
0,0,0,2.5228
0,0,0,2.5242
0,0,0,2.5257
0,0,0,2.5272
0,0,0,2.5287
0,0,0,2.5302
0,0,0,2.5316
0,0,0,2.5331
0,0,0,2.5346
0,0,0,2.5361
0,0,0,2.5376
0,0,0,2.539
524.9,-1194.7,-540.52,2.5405
0,0,0,2.542
0,0,0,2.5435
0,0,0,2.545
0,0,0,2.5465
0,0,0,2.548
0,0,0,2.5494
0,0,0,2.5509
0,0,0,2.5524
0,0,0,2.5539
0,0,0,2.5554
0,0,0,2.5569
0,0,0,2.5584
0,0,0,2.5598
0,0,0,2.5614
0,0,0,2.5629
0,0,0,2.5644
0,0,0,2.5658
0,0,0,2.5674
1523,-2194.9,-1917.4,2.5689
0,0,0,2.5704
0,0,0,2.5719
0,0,0,2.5734
0,0,0,2.5749
0,0,0,2.5764
0,0,0,2.5779
0,0,0,2.5793
0,0,0,2.5808
0,0,0,2.5823
0,0,0,2.5837
0,0,0,2.5852
0,0,0,2.5867
629.9,-1306.7,-1225.2,2.5882
0,0,0,2.5897
0,0,0,2.5912
0,0,0,2.5926
0,0,0,2.5941
0,0,0,2.5956
0,0,0,2.5971
0,0,0,2.5985
0,0,0,2.6
0,0,0,2.6015
0,0,0,2.603
0,0,0,2.6044
0,0,0,2.6059
0,0,0,2.6074
0,0,0,2.6089
0,0,0,2.6104
0,0,0,2.612
0,0,0,2.6134
0,0,0,2.6149
742.7,-1893,-3871.9,2.6164
0,0,0,2.6179
0,0,0,2.6194
0,0,0,2.6208
0,0,0,2.6223
0,0,0,2.6238
0,0,0,2.6253
0,0,0,2.6268
0,0,0,2.6282
0,0,0,2.6297
0,0,0,2.6312
0,0,0,2.6327
0,0,0,2.6342
0,0,0,2.6356
594.21,-1861.7,-1325.2,2.6371
0,0,0,2.6386
0,0,0,2.6401
0,0,0,2.6416
0,0,0,2.643
0,0,0,2.6445
0,0,0,2.646
0,0,0,2.6475
0,0,0,2.649
0,0,0,2.6505
0,0,0,2.652
0,0,0,2.6534
0,0,0,2.6549
0,0,0,2.6564
0,0,0,2.6579
0,0,0,2.6593
0,0,0,2.6608
0,0,0,2.6623
903.48,-2077.3,-3846,2.6638
0,0,0,2.6653
0,0,0,2.6667
0,0,0,2.6682
0,0,0,2.6697
0,0,0,2.6712
0,0,0,2.6727
0,0,0,2.6741
0,0,0,2.6756
0,0,0,2.6771
0,0,0,2.6787
0,0,0,2.6802
0,0,0,2.6817
0,0,0,2.6832
983.45,-578.84,-266.5,2.6847
0,0,0,2.6862
0,0,0,2.6877
0,0,0,2.6892
0,0,0,2.6907
0,0,0,2.6921
0,0,0,2.6936
0,0,0,2.6951
0,0,0,2.6966
0,0,0,2.6981
0,0,0,2.6996
0,0,0,2.7011
0,0,0,2.7026
0,0,0,2.704
0,0,0,2.7055
0,0,0,2.707
0,0,0,2.7085
0,0,0,2.7099
0,0,0,2.7114
912.57,-1616.6,-997.28,2.7129
0,0,0,2.7144
0,0,0,2.7159
0,0,0,2.7174
0,0,0,2.7189
0,0,0,2.7203
0,0,0,2.7218
0,0,0,2.7233
0,0,0,2.7248
0,0,0,2.7263
0,0,0,2.7277
0,0,0,2.7292
0,0,0,2.7307
340.21,-745.47,-4230.8,2.7322
0,0,0,2.7337
0,0,0,2.7352
0,0,0,2.7366
0,0,0,2.7381
0,0,0,2.7396
0,0,0,2.7411
0,0,0,2.7426
0,0,0,2.7441
0,0,0,2.7456
0,0,0,2.7471
0,0,0,2.7486
0,0,0,2.7501
0,0,0,2.7516
0,0,0,2.753
0,0,0,2.7545
0,0,0,2.756
0,0,0,2.7574
0,0,0,2.7589
594.34,-1444.8,-2920.7,2.7604
0,0,0,2.7619
0,0,0,2.7634
0,0,0,2.7649
0,0,0,2.7664
0,0,0,2.7679
0,0,0,2.7693
0,0,0,2.7708
0,0,0,2.7723
0,0,0,2.7738
0,0,0,2.7753
0,0,0,2.7768
0,0,0,2.7783
469.39,-836.48,-565.52,2.7798
0,0,0,2.7813
0,0,0,2.7828
0,0,0,2.7842
0,0,0,2.7857
0,0,0,2.7872
0,0,0,2.7887
0,0,0,2.7901
0,0,0,2.7916
0,0,0,2.7931
0,0,0,2.7946
0,0,0,2.7961
0,0,0,2.7976
0,0,0,2.7991
0,0,0,2.8005
0,0,0,2.802
0,0,0,2.8035
0,0,0,2.805
0,0,0,2.8065
1034.3,-1207.8,-2119.3,2.808
0,0,0,2.8095
0,0,0,2.811
0,0,0,2.8125
0,0,0,2.814
0,0,0,2.8155
0,0,0,2.817
0,0,0,2.8184
0,0,0,2.8199
0,0,0,2.8214
0,0,0,2.8228
0,0,0,2.8243
0,0,0,2.8258
0,0,0,2.8273
204.36,-701.1,-1308.1,2.8288
0,0,0,2.8303
0,0,0,2.8317
0,0,0,2.8332
0,0,0,2.8347
0,0,0,2.8362
0,0,0,2.8377
0,0,0,2.8391
0,0,0,2.8407
0,0,0,2.8422
0,0,0,2.8437
0,0,0,2.8452
0,0,0,2.8467
0,0,0,2.8481
0,0,0,2.8496
0,0,0,2.8511
0,0,0,2.8526
0,0,0,2.854
0,0,0,2.8556
523.49,-1494.4,-1182.4,2.857
0,0,0,2.8585
0,0,0,2.86
0,0,0,2.8615
0,0,0,2.863
0,0,0,2.8645
0,0,0,2.8659
0,0,0,2.8674
0,0,0,2.8689
0,0,0,2.8704
0,0,0,2.8719
0,0,0,2.8734
0,0,0,2.8748
803.66,25.747,133.23,2.8764
0,0,0,2.8784
0,0,0,2.8799
0,0,0,2.8814
0,0,0,2.8829
0,0,0,2.8843
0,0,0,2.8858
0,0,0,2.8873
0,0,0,2.8888
0,0,0,2.8903
0,0,0,2.8918
0,0,0,2.8933
0,0,0,2.8948
0,0,0,2.8963
0,0,0,2.8977
0,0,0,2.8992
0,0,0,2.9007
0,0,0,2.9022
0,0,0,2.9037
415.85,-859.79,-889.88,2.9052
0,0,0,2.9066
0,0,0,2.9081
0,0,0,2.9096
0,0,0,2.9111
0,0,0,2.9126
0,0,0,2.9141
0,0,0,2.9156
0,0,0,2.9171
0,0,0,2.9185
0,0,0,2.92
0,0,0,2.9215
0,0,0,2.923
481.2,-311.06,403.52,2.9246
0,0,0,2.9261
0,0,0,2.9276
0,0,0,2.9291
0,0,0,2.9305
0,0,0,2.932
0,0,0,2.9335
0,0,0,2.935
0,0,0,2.9366
0,0,0,2.9381
0,0,0,2.9395
0,0,0,2.941
0,0,0,2.9426
0,0,0,2.944
0,0,0,2.9455
0,0,0,2.947
0,0,0,2.9485
0,0,0,2.95
0,0,0,2.9515
554.46,-358.42,930.05,2.9529
0,0,0,2.9545
0,0,0,2.956
0,0,0,2.9575
0,0,0,2.959
0,0,0,2.9606
0,0,0,2.9621
0,0,0,2.9636
0,0,0,2.9651
0,0,0,2.9666
0,0,0,2.9681
0,0,0,2.9696
0,0,0,2.9711
133.65,-86.397,229.24,2.9726
0,0,0,2.9741
0,0,0,2.9755
0,0,0,2.977
0,0,0,2.9785
0,0,0,2.98
0,0,0,2.9815
0,0,0,2.983
0,0,0,2.9844
0,0,0,2.9859
0,0,0,2.9874
0,0,0,2.9889
0,0,0,2.9904
0,0,0,2.9919
0,0,0,2.9934
0,0,0,2.9948
0,0,0,2.9963
0,0,0,2.9978
0,0,0,2.9993
-683.58,441.89,-1151.7,3.0008
0,0,0,3.0023
0,0,0,3.0037
0,0,0,3.0052
0,0,0,3.0067
0,0,0,3.0083
0,0,0,3.0098
0,0,0,3.0112
0,0,0,3.0127
0,0,0,3.0142
0,0,0,3.0157
0,0,0,3.0172
0,0,0,3.0187
0,0,0,3.0202
0,0,0,3.0217
-138.95,89.824,-227.98,3.0232
0,0,0,3.0247
0,0,0,3.0262
0,0,0,3.0277
0,0,0,3.0291
0,0,0,3.0306
0,0,0,3.0321
0,0,0,3.0336
0,0,0,3.0351
0,0,0,3.0366
0,0,0,3.0381
0,0,0,3.0396
0,0,0,3.041
0,0,0,3.0425
0,0,0,3.044
0,0,0,3.0455
0,0,0,3.047
0,0,0,3.0485
-278.99,180.35,-451.75,3.05
0,0,0,3.0515
0,0,0,3.053
0,0,0,3.0545
0,0,0,3.056
0,0,0,3.0575
0,0,0,3.059
0,0,0,3.0604
0,0,0,3.0619
0,0,0,3.0634
0,0,0,3.0649
0,0,0,3.0664
0,0,0,3.0679
0,0,0,3.0695
-276.79,178.92,-440.4,3.071
0,0,0,3.0725
0,0,0,3.074
0,0,0,3.0756
0,0,0,3.0771
0,0,0,3.0786
0,0,0,3.0801
0,0,0,3.0816
0,0,0,3.0831
0,0,0,3.0847
0,0,0,3.0862
0,0,0,3.0877
0,0,0,3.0892
0,0,0,3.0907
0,0,0,3.0922
0,0,0,3.0937
0,0,0,3.0952
0,0,0,3.0967
-285.12,184.31,-445.82,3.0982
0,0,0,3.0997
0,0,0,3.1012
0,0,0,3.1027
0,0,0,3.1042
0,0,0,3.1056
0,0,0,3.1071
0,0,0,3.1086
0,0,0,3.1101
0,0,0,3.1116
0,0,0,3.1131
0,0,0,3.1146
0,0,0,3.116
0,0,0,3.1175
-144.31,93.288,-222.74,3.119
0,0,0,3.1205
0,0,0,3.122
0,0,0,3.1235
0,0,0,3.125
0,0,0,3.1265
0,0,0,3.1279
0,0,0,3.1294
0,0,0,3.131
0,0,0,3.1325
0,0,0,3.134
0,0,0,3.1355
0,0,0,3.1369
0,0,0,3.1384
0,0,0,3.1399
0,0,0,3.1414
0,0,0,3.1429
0,0,0,3.1444
-358.93,232.02,-173.11,3.1459
0,0,0,3.1474
0,0,0,3.1489
0,0,0,3.1504
0,0,0,3.1519
0,0,0,3.1534
0,0,0,3.1549
0,0,0,3.1564
0,0,0,3.1578
0,0,0,3.1593
0,0,0,3.1609
0,0,0,3.1625
0,0,0,3.164
0,0,0,3.1655
-224.53,145.14,45.976,3.167
0,0,0,3.1685
0,0,0,3.1699
0,0,0,3.1714
0,0,0,3.1729
0,0,0,3.1744
0,0,0,3.1759
0,0,0,3.1774
0,0,0,3.1788
0,0,0,3.1803
0,0,0,3.1818
0,0,0,3.1833
0,0,0,3.1848
0,0,0,3.1863
0,0,0,3.1877
0,0,0,3.1892
0,0,0,3.1907
0,0,0,3.1921
0,0,0,3.1937
-979.3,633.05,-1048.3,3.1951
0,0,0,3.1966
0,0,0,3.1981
0,0,0,3.1996
0,0,0,3.2011
0,0,0,3.2026
0,0,0,3.2041
0,0,0,3.2056
0,0,0,3.2071
0,0,0,3.2086
0,0,0,3.2101
0,0,0,3.2116
0,0,0,3.2131
-386.68,249.96,575.55,3.2146
0,0,0,3.2161
0,0,0,3.2175
0,0,0,3.219
0,0,0,3.2205
0,0,0,3.222
0,0,0,3.2235
0,0,0,3.225
0,0,0,3.2265
0,0,0,3.228
0,0,0,3.2295
0,0,0,3.231
0,0,0,3.2325
0,0,0,3.2339
0,0,0,3.2354
0,0,0,3.2369
0,0,0,3.2384
0,0,0,3.2399
0,0,0,3.2414
-565.33,365.45,1098.9,3.2429
0,0,0,3.2444
0,0,0,3.2458
0,0,0,3.2473
0,0,0,3.2488
0,0,0,3.2503
0,0,0,3.2518
0,0,0,3.2533
0,0,0,3.2548
0,0,0,3.2563
0,0,0,3.2578
0,0,0,3.2593
0,0,0,3.2608
-532.24,903.84,-324.99,3.2623
0,0,0,3.2638
0,0,0,3.2653
0,0,0,3.2668
0,0,0,3.2682
0,0,0,3.2697
0,0,0,3.2712
0,0,0,3.2727
0,0,0,3.2743
0,0,0,3.2758
0,0,0,3.2773
0,0,0,3.2788
0,0,0,3.2803
0,0,0,3.2818
0,0,0,3.2832
0,0,0,3.2847
0,0,0,3.2862
0,0,0,3.2877
0,0,0,3.2892
-153.39,2301.3,-3.1695,3.2907
0,0,0,3.2922
0,0,0,3.2937
0,0,0,3.2952
0,0,0,3.2967
0,0,0,3.2981
0,0,0,3.2996
0,0,0,3.3011
0,0,0,3.3026
0,0,0,3.3041
0,0,0,3.3056
0,0,0,3.3071
0,0,0,3.3086
-191.35,1208.4,-99.407,3.3101
0,0,0,3.3116
0,0,0,3.3131
0,0,0,3.3146
0,0,0,3.316
0,0,0,3.3175
0,0,0,3.319
0,0,0,3.3205
0,0,0,3.322
0,0,0,3.3235
0,0,0,3.3249
0,0,0,3.3264
0,0,0,3.3279
0,0,0,3.3294
0,0,0,3.3309
0,0,0,3.3324
0,0,0,3.3339
0,0,0,3.3354
0,0,0,3.3368
-504.41,1792.2,678.24,3.3384
0,0,0,3.34
0,0,0,3.3415
0,0,0,3.3431
0,0,0,3.3446
0,0,0,3.346
0,0,0,3.3475
0,0,0,3.349
0,0,0,3.3505
0,0,0,3.352
0,0,0,3.3535
0,0,0,3.355
0,0,0,3.3565
-359.01,1261.7,164.61,3.358
0,0,0,3.3595
0,0,0,3.361
0,0,0,3.3625
0,0,0,3.364
0,0,0,3.3655
0,0,0,3.367
0,0,0,3.3685
0,0,0,3.37
0,0,0,3.3715
0,0,0,3.373
0,0,0,3.3745
0,0,0,3.376
0,0,0,3.3775
0,0,0,3.3789
0,0,0,3.3804
0,0,0,3.3819
0,0,0,3.3834
0,0,0,3.3849
-405.3,2755.9,521.94,3.3864
0,0,0,3.3879
0,0,0,3.3894
0,0,0,3.3909
0,0,0,3.3923
0,0,0,3.3938
0,0,0,3.3953
0,0,0,3.3968
0,0,0,3.3983
0,0,0,3.3998
0,0,0,3.4012
0,0,0,3.4027
0,0,0,3.4043
-212.97,2104.2,-20.332,3.4058
0,0,0,3.4073
0,0,0,3.4088
0,0,0,3.4102
0,0,0,3.4117
0,0,0,3.4132
0,0,0,3.4147
0,0,0,3.4162
0,0,0,3.4177
0,0,0,3.4192
0,0,0,3.4207
0,0,0,3.4222
0,0,0,3.4237
0,0,0,3.4253
0,0,0,3.4267
0,0,0,3.4282
0,0,0,3.4297
0,0,0,3.4312
0,0,0,3.4327
-515.89,2510.3,890.91,3.4343
0,0,0,3.4358
0,0,0,3.4373
0,0,0,3.4389
0,0,0,3.4404
0,0,0,3.4419
0,0,0,3.4433
0,0,0,3.4448
0,0,0,3.4463
0,0,0,3.4478
0,0,0,3.4492
0,0,0,3.4508
0,0,0,3.4523
-319.52,2560.2,-868.27,3.4538
0,0,0,3.4552
0,0,0,3.4568
0,0,0,3.4582
0,0,0,3.4597
0,0,0,3.4612
0,0,0,3.4627
0,0,0,3.4642
0,0,0,3.4658
0,0,0,3.4673
0,0,0,3.4688
0,0,0,3.4705
0,0,0,3.4721
0,0,0,3.4735
0,0,0,3.4751
0,0,0,3.4766
0,0,0,3.4781
0,0,0,3.4796
0,0,0,3.4811
-1358.5,3757.9,-1579.9,3.4826
0,0,0,3.4841
0,0,0,3.4856
0,0,0,3.4872
0,0,0,3.4887
0,0,0,3.4902
0,0,0,3.4916
0,0,0,3.4931
0,0,0,3.4946
0,0,0,3.4961
0,0,0,3.4976
0,0,0,3.4991
0,0,0,3.5006
-530.47,2453.3,290.68,3.5021
0,0,0,3.5036
0,0,0,3.5051
0,0,0,3.5066
0,0,0,3.5081
0,0,0,3.5096
0,0,0,3.511
0,0,0,3.5125
0,0,0,3.514
0,0,0,3.5155
0,0,0,3.517
0,0,0,3.5185
0,0,0,3.52
0,0,0,3.5215
0,0,0,3.5229
0,0,0,3.5244
0,0,0,3.5259
0,0,0,3.5274
0,0,0,3.5289
-1697.8,4131.3,-823.94,3.5304
0,0,0,3.5319
0,0,0,3.5334
0,0,0,3.5349
0,0,0,3.5365
0,0,0,3.5379
0,0,0,3.5394
0,0,0,3.5409
0,0,0,3.5424
0,0,0,3.5439
0,0,0,3.5454
0,0,0,3.5469
0,0,0,3.5483
-180.43,266.11,-170.79,3.5577
0,0,0,3.5594
0,0,0,3.5611
0,0,0,3.5627
0,0,0,3.5641
0,0,0,3.5656
0,0,0,3.5671
0,0,0,3.5686
0,0,0,3.5702
0,0,0,3.5717
0,0,0,3.5731
0,0,0,3.5746
0,0,0,3.5761
0,0,0,3.5776
-1789,4514.9,-619.56,3.5792
0,0,0,3.5807
0,0,0,3.5822
0,0,0,3.5837
0,0,0,3.5852
0,0,0,3.5867
0,0,0,3.5881
0,0,0,3.5896
0,0,0,3.5911
0,0,0,3.5926
0,0,0,3.5941
0,0,0,3.5956
0,0,0,3.5971
-868.24,2559.7,386.92,3.5986
0,0,0,3.6001
0,0,0,3.6016
0,0,0,3.6031
0,0,0,3.6046
0,0,0,3.606
0,0,0,3.6076
0,0,0,3.6091
0,0,0,3.6106
0,0,0,3.6121
0,0,0,3.6136
0,0,0,3.6151
0,0,0,3.6166
0,0,0,3.618
0,0,0,3.6195
0,0,0,3.621
0,0,0,3.6225
0,0,0,3.6239
0,0,0,3.6254
-2683.2,4820.3,-1323.3,3.6269
0,0,0,3.6284
0,0,0,3.6299
0,0,0,3.6314
0,0,0,3.6329
0,0,0,3.6344
0,0,0,3.6359
0,0,0,3.6373
0,0,0,3.6388
0,0,0,3.6403
0,0,0,3.6418
0,0,0,3.6433
0,0,0,3.6448
-955.41,2706.8,-698.26,3.6463
0,0,0,3.6477
0,0,0,3.6492
0,0,0,3.6507
0,0,0,3.6522
0,0,0,3.6537
0,0,0,3.6552
0,0,0,3.6566
0,0,0,3.6581
0,0,0,3.6596
0,0,0,3.6611
0,0,0,3.6626
0,0,0,3.6641
0,0,0,3.6656
0,0,0,3.667
0,0,0,3.6687
0,0,0,3.6702
0,0,0,3.6717
0,0,0,3.6732
0,0,0,3.6746
-2464.5,5614.7,70.497,3.6761
0,0,0,3.6776
0,0,0,3.6791
0,0,0,3.6806
0,0,0,3.6821
0,0,0,3.6836
0,0,0,3.685
0,0,0,3.6865
0,0,0,3.688
0,0,0,3.6895
0,0,0,3.691
0,0,0,3.6925
-1475.5,2190.7,-371.08,3.694
0,0,0,3.6955
0,0,0,3.6969
0,0,0,3.6984
0,0,0,3.6999
0,0,0,3.7014
0,0,0,3.7029
0,0,0,3.7044
0,0,0,3.7059
0,0,0,3.7074
0,0,0,3.7089
0,0,0,3.7104
0,0,0,3.7119
0,0,0,3.7134
0,0,0,3.7149
0,0,0,3.7163
0,0,0,3.7178
0,0,0,3.7193
0,0,0,3.7208
0,0,0,3.7223
-3298.6,5379.3,-1243.2,3.7238
0,0,0,3.7252
0,0,0,3.7267
0,0,0,3.7282
0,0,0,3.7297
0,0,0,3.7312
0,0,0,3.7327
0,0,0,3.7341
0,0,0,3.7357
0,0,0,3.7372
0,0,0,3.7387
0,0,0,3.7402
0,0,0,3.7416
-1560.7,2223.5,-469.68,3.7431
0,0,0,3.7446
0,0,0,3.7461
0,0,0,3.7476
0,0,0,3.7491
0,0,0,3.7505
0,0,0,3.752
0,0,0,3.7535
0,0,0,3.755
0,0,0,3.7565
0,0,0,3.758
0,0,0,3.7595
0,0,0,3.761
0,0,0,3.7625
0,0,0,3.764
0,0,0,3.7655
0,0,0,3.767
0,0,0,3.7685
0,0,0,3.7699
0,0,0,3.7714
-3589.7,4924.5,-858.58,3.7729
0,0,0,3.7744
0,0,0,3.7759
0,0,0,3.7774
0,0,0,3.7789
0,0,0,3.7804
0,0,0,3.7819
0,0,0,3.7834
0,0,0,3.7849
0,0,0,3.7863
0,0,0,3.7878
0,0,0,3.7893
0,0,0,3.7908
-1798.1,2155.4,-333.59,3.7923
0,0,0,3.7938
0,0,0,3.7953
0,0,0,3.7968
0,0,0,3.7982
0,0,0,3.7998
0,0,0,3.8013
0,0,0,3.8028
0,0,0,3.8043
0,0,0,3.8057
0,0,0,3.8072
0,0,0,3.8087
0,0,0,3.8102
0,0,0,3.8117
0,0,0,3.8132
0,0,0,3.8147
0,0,0,3.8161
0,0,0,3.8176
0,0,0,3.8191
-2949.3,5498.1,-382.65,3.8206
0,0,0,3.8221
0,0,0,3.8236
0,0,0,3.825
0,0,0,3.8265
0,0,0,3.828
0,0,0,3.8295
0,0,0,3.831
0,0,0,3.8324
0,0,0,3.8339
0,0,0,3.8354
0,0,0,3.8369
0,0,0,3.8384
-1715.7,1591.1,-200.24,3.8399
0,0,0,3.8414
0,0,0,3.8429
0,0,0,3.8444
0,0,0,3.8459
0,0,0,3.8473
0,0,0,3.8488
0,0,0,3.8504
0,0,0,3.8519
0,0,0,3.8534
0,0,0,3.8549
0,0,0,3.8563
0,0,0,3.8578
0,0,0,3.8593
0,0,0,3.8608
0,0,0,3.8623
0,0,0,3.8638
0,0,0,3.8653
0,0,0,3.8669
-2655.8,4951,-168.79,3.8684
0,0,0,3.8699
0,0,0,3.8714
0,0,0,3.8729
0,0,0,3.8744
0,0,0,3.8759
0,0,0,3.8774
0,0,0,3.8788
0,0,0,3.8803
0,0,0,3.8818
0,0,0,3.8833
0,0,0,3.8848
0,0,0,3.8863
0,0,0,3.8878
-992.49,2181.5,-31.291,3.8892
0,0,0,3.8907
0,0,0,3.8922
0,0,0,3.8937
0,0,0,3.8952
0,0,0,3.8966
0,0,0,3.8981
0,0,0,3.8996
0,0,0,3.9011
0,0,0,3.9026
0,0,0,3.9041
0,0,0,3.9056
0,0,0,3.9071
0,0,0,3.9085
0,0,0,3.91
0,0,0,3.9115
0,0,0,3.913
0,0,0,3.9144
-2202.6,4415.6,-1034.3,3.9159
0,0,0,3.9174
0,0,0,3.9189
0,0,0,3.9204
0,0,0,3.9219
0,0,0,3.9234
0,0,0,3.9248
0,0,0,3.9263
0,0,0,3.9278
0,0,0,3.9293
0,0,0,3.9308
0,0,0,3.9324
0,0,0,3.9339
0,0,0,3.9355
-1067.8,2063.8,-257.85,3.937
0,0,0,3.9385
0,0,0,3.94
0,0,0,3.9415
0,0,0,3.943
0,0,0,3.9445
0,0,0,3.9459
0,0,0,3.9476
0,0,0,3.9491
0,0,0,3.9506
0,0,0,3.9521
0,0,0,3.9536
0,0,0,3.9551
0,0,0,3.9566
0,0,0,3.9581
0,0,0,3.9596
0,0,0,3.961
0,0,0,3.9625
-2267.1,4947.2,-468.72,3.964
0,0,0,3.9656
0,0,0,3.9672
0,0,0,3.9688
0,0,0,3.9704
0,0,0,3.9718
0,0,0,3.9733
0,0,0,3.9748
0,0,0,3.9763
0,0,0,3.9778
0,0,0,3.9792
0,0,0,3.9807
0,0,0,3.9822
0,0,0,3.9837
-737.88,2264.5,50.555,3.9852
0,0,0,3.9867
0,0,0,3.9882
0,0,0,3.9896
0,0,0,3.9911
0,0,0,3.9926
0,0,0,3.9941
0,0,0,3.9956
0,0,0,3.9971
0,0,0,3.9986
0,0,0,4
0,0,0,4.0015
0,0,0,4.003
0,0,0,4.0045
0,0,0,4.006
0,0,0,4.0075
0,0,0,4.0089
0,0,0,4.0104
-2691,4421.5,-956.03,4.0119
0,0,0,4.0134
0,0,0,4.0149
0,0,0,4.0163
0,0,0,4.0178
0,0,0,4.0193
0,0,0,4.0208
0,0,0,4.0223
0,0,0,4.0237
0,0,0,4.0252
0,0,0,4.0267
0,0,0,4.0282
0,0,0,4.0296
0,0,0,4.0312
-535.41,2280.3,-155.63,4.0327
0,0,0,4.0342
0,0,0,4.0357
0,0,0,4.0371
0,0,0,4.0386
0,0,0,4.0401
0,0,0,4.0416
0,0,0,4.0431
0,0,0,4.0445
0,0,0,4.046
0,0,0,4.0475
0,0,0,4.049
0,0,0,4.0505
0,0,0,4.052
0,0,0,4.0537
0,0,0,4.0554
0,0,0,4.0568
0,0,0,4.0584
-1921.9,3909.8,-874.49,4.0599
0,0,0,4.0615
0,0,0,4.063
0,0,0,4.0646
0,0,0,4.0661
0,0,0,4.0677
0,0,0,4.0692
0,0,0,4.0707
0,0,0,4.0722
0,0,0,4.0737
0,0,0,4.0752
0,0,0,4.0767
0,0,0,4.0782
0,0,0,4.0798
-523.98,2144.4,134.24,4.0813
0,0,0,4.0829
0,0,0,4.0844
0,0,0,4.0859
0,0,0,4.0874
0,0,0,4.0889
0,0,0,4.0904
0,0,0,4.0919
0,0,0,4.0933
0,0,0,4.0949
0,0,0,4.0964
0,0,0,4.0979
0,0,0,4.0994
0,0,0,4.1009
0,0,0,4.1024
0,0,0,4.1038
0,0,0,4.1053
0,0,0,4.1068
-2255.5,3699.7,-890.97,4.1083
0,0,0,4.1098
0,0,0,4.1113
0,0,0,4.1128
0,0,0,4.1143
0,0,0,4.1158
0,0,0,4.1172
0,0,0,4.1187
0,0,0,4.1202
0,0,0,4.1217
0,0,0,4.1232
0,0,0,4.1247
0,0,0,4.1262
0,0,0,4.1276
-1264.5,2010.2,-164.21,4.1291
0,0,0,4.1307
0,0,0,4.1322
0,0,0,4.1337
0,0,0,4.1351
0,0,0,4.1366
0,0,0,4.1385
0,0,0,4.1403
0,0,0,4.1418
0,0,0,4.1434
0,0,0,4.145
0,0,0,4.1465
0,0,0,4.148
0,0,0,4.1495
0,0,0,4.151
0,0,0,4.1525
0,0,0,4.154
0,0,0,4.1555
-1562.3,2685.7,-902.78,4.157
0,0,0,4.1585
0,0,0,4.16
0,0,0,4.1615
0,0,0,4.163
0,0,0,4.1645
0,0,0,4.166
0,0,0,4.1675
0,0,0,4.169
0,0,0,4.1705
0,0,0,4.172
0,0,0,4.1735
0,0,0,4.175
-1216.4,1755.3,-156.42,4.1765
0,0,0,4.1779
0,0,0,4.1794
0,0,0,4.1809
0,0,0,4.1824
0,0,0,4.1839
0,0,0,4.1853
0,0,0,4.1868
0,0,0,4.1883
0,0,0,4.1898
0,0,0,4.1913
0,0,0,4.1928
0,0,0,4.1943
0,0,0,4.1958
0,0,0,4.1972
0,0,0,4.1987
0,0,0,4.2002
0,0,0,4.2017
0,0,0,4.2032
-1230.1,2366.4,-55.274,4.2047
0,0,0,4.2061
0,0,0,4.2076
0,0,0,4.2091
0,0,0,4.2106
0,0,0,4.2121
0,0,0,4.2136
0,0,0,4.215
0,0,0,4.2165
0,0,0,4.218
0,0,0,4.2195
0,0,0,4.221
0,0,0,4.2224
-547.94,1344.5,-391.75,4.2239
0,0,0,4.2254
0,0,0,4.2269
0,0,0,4.2284
0,0,0,4.2299
0,0,0,4.2314
0,0,0,4.2328
0,0,0,4.2343
0,0,0,4.2358
0,0,0,4.2373
0,0,0,4.2388
0,0,0,4.2403
0,0,0,4.2418
0,0,0,4.2433
0,0,0,4.2447
0,0,0,4.2462
0,0,0,4.2477
0,0,0,4.2491
0,0,0,4.2506
-1537.4,930.26,-1095.6,4.2521
